{
  "project_info": {
    "project_number": "258392396335",
    "firebase_url": "https://examenuf1restaurant.firebaseio.com",
    "project_id": "examenuf1restaurant",
    "storage_bucket": "examenuf1restaurant.appspot.com"
  },
  "client": [
    {
      "client_info": {
        "mobilesdk_app_id": "1:258392396335:android:b23879ee0557dfaf",
        "android_client_info": {
          "package_name": "com.marc.app.examenuf1restaurant"
        }
      },
      "oauth_client": [
        {
          "client_id": "258392396335-hdjoj3ahkk5gvpv1qqambr7h2hfufppe.apps.googleusercontent.com",
          "client_type": 1,
          "android_info": {
            "package_name": "com.marc.app.examenuf1restaurant",
            "certificate_hash": "da656a239c70b7d0a0a17ae0699267e0b21d6ef0"
          }
        },
        {
          "client_id": "258392396335-nv9lpbecmqocjes1rfron0i715l0nhjd.apps.googleusercontent.com",
          "client_type": 3
        }
      ],
      "api_key": [
        {
          "current_key": "AIzaSyA0xKy0a0ojbeIwZf60qLEtV_CJnqVm_1E"
        }
      ],
      "services": {
        "appinvite_service": {
          "other_platform_oauth_client": [
            {
              "client_id": "258392396335-nv9lpbecmqocjes1rfron0i715l0nhjd.apps.googleusercontent.com",
              "client_type": 3
            }
          ]
        }
      }
    }
  ],
  "configuration_version": "1"
}